88,92,2,99,16,66,94,37,70,0,0,24,42,65,100,100,8
80,100,18,98,60,66,100,29,42,0,0,23,42,61,56,98,8
0,94,9,57,20,19,7,0,20,36,70,68,100,100,18,92,8
95,82,71,100,27,77,77,73,100,80,93,42,56,13,0,0,9
68,100,6,88,47,75,87,82,85,56,100,29,75,6,0,0,9
70,100,100,97,70,81,45,65,30,49,20,33,0,16,0,0,1
40,100,0,81,15,58,100,57,47,87,50,88,40,42,36,0,4
3,71,0,95,45,100,100,99,79,78,48,53,31,24,54,0,7
79,87,98,81,71,100,72,73,100,66,91,21,48,0,0,13,9
92,95,30,100,34,68,87,89,84,78,100,35,64,0,0,19,9
58,64,100,96,27,100,0,63,79,65,91,72,48,36,10,0,9
34,89,3,70,1,25,49,0,100,23,100,67,56,99,0,100,0
0,90,46,100,88,92,79,69,60,48,39,27,47,6,100,0,2
20,71,0,29,31,0,78,12,100,51,84,93,37,100,8,66,0
100,100,67,98,41,80,44,50,78,42,68,16,35,2,0,0,5
91,69,48,57,9,79,60,100,100,75,95,40,64,8,0,0,9
30,74,55,100,89,87,66,56,100,38,92,8,41,0,0,20,3
5,65,0,89,37,100,88,97,100,79,71,53,48,26,59,0,7
42,93,19,88,0,42,24,0,83,11,100,56,75,100,17,97,0
4,100,0,72,15,44,79,50,100,76,90,51,83,22,85,0,4
100,100,79,80,54,59,32,38,21,16,50,0,79,16,0,16,6
0,76,30,48,53,9,11,0,47,34,97,66,100,100,38,85,8
0,93,40,100,57,61,51,17,35,0,12,37,54,48,100,49,7
100,100,73,95,40,69,14,39,2,2,39,0,37,29,0,14,6
88,100,42,77,12,50,0,22,45,0,100,17,73,44,15,49,6
33,86,0,55,1,12,52,0,90,34,100,76,56,100,6,77,0
69,100,44,77,5,50,0,28,67,23,100,44,95,29,89,0,4
27,83,0,42,9,0,65,17,96,57,100,100,45,95,10,58,0
19,100,35,93,0,63,12,36,89,37,100,66,94,33,89,0,4
27,73,81,100,83,91,78,52,62,14,0,0,29,1,100,5,1
77,96,38,100,58,77,99,86,100,50,84,12,43,0,0,0,9
41,84,73,100,100,82,62,60,97,38,91,8,42,0,0,19,3
32,92,24,47,71,36,38,0,0,0,21,48,49,92,100,100,5
53,100,30,95,0,60,100,55,92,87,77,79,79,37,79,0,4
100,95,75,100,42,70,0,44,42,33,85,49,83,31,85,0,4
0,50,41,69,76,90,100,100,89,74,78,50,70,25,68,0,1
2,75,37,100,56,99,58,61,46,25,0,0,34,5,100,8,1
10,100,0,60,14,18,60,0,100,24,96,66,58,95,19,73,0
79,90,100,93,63,100,82,84,99,61,87,22,44,0,0,19,9
0,88,59,100,89,72,82,40,63,9,28,0,25,25,100,27,7
5,97,9,61,37,25,0,0,7,32,56,64,100,96,37,100,8
59,89,42,23,29,42,25,100,100,82,75,46,98,0,0,3,3
20,100,6,61,25,28,18,0,0,27,11,63,55,75,100,82,5
100,100,49,77,17,51,2,24,24,0,100,10,73,35,0,42,6
29,80,0,41,14,0,70,14,100,53,100,96,49,100,19,62,0
21,87,33,52,62,13,5,0,0,36,74,66,100,100,5,89,8
13,67,40,100,65,78,37,42,0,11,6,4,60,0,100,19,2
5,70,56,44,60,3,0,0,30,39,84,72,100,100,32,74,8
0,94,68,100,89,68,72,33,43,0,3,21,25,50,100,58,7
100,93,48,100,27,69,30,33,16,0,0,26,41,51,100,58,8
0,55,46,58,73,82,100,100,92,75,89,50,84,25,89,0,1
96,66,62,100,32,69,74,62,89,56,100,10,50,0,0,10,9
32,96,70,100,12,95,32,66,89,62,100,22,51,0,0,16,5
79,100,41,82,0,61,23,45,77,37,86,54,86,25,100,0,4
22,72,55,100,54,89,53,50,55,12,0,1,49,0,100,4,1
23,70,51,100,74,82,51,46,20,15,0,4,50,0,100,2,2
88,100,100,95,75,79,38,64,25,47,12,32,0,16,12,0,1
76,100,31,87,1,52,0,14,61,0,100,27,50,42,1,21,6
29,97,0,57,22,10,68,0,100,40,83,90,37,100,12,57,0
53,67,80,44,67,7,0,0,35,36,83,68,100,100,25,80,8
11,45,17,6,55,0,88,25,100,61,79,94,38,100,0,84,0
88,90,18,100,17,66,79,33,49,0,0,28,41,67,100,98,8
75,100,42,78,13,51,0,22,40,0,100,16,88,43,22,35,6
27,82,65,100,100,89,69,62,33,39,0,15,37,1,88,0,2
70,84,11,76,0,91,56,100,99,83,100,55,88,28,75,0,9
88,100,29,100,30,74,85,83,100,67,97,27,57,0,0,5,9
51,54,100,87,36,100,19,62,44,22,2,0,0,37,78,57,8
15,84,0,57,5,17,52,0,95,28,100,67,70,100,20,87,0
0,76,29,95,92,100,81,77,75,56,100,35,85,13,31,0,3
38,65,36,98,100,100,99,69,62,55,96,26,55,0,0,15,3
82,100,8,92,45,60,100,29,52,0,0,24,21,61,53,98,8
0,82,34,100,78,90,49,62,80,49,100,18,62,0,18,13,3
53,64,73,100,70,83,67,42,36,11,0,0,49,4,100,9,1
0,39,30,69,48,100,39,69,41,35,33,5,31,2,100,0,1
12,91,48,100,66,77,77,63,100,42,75,15,34,0,0,15,3
100,89,34,100,0,75,76,78,83,62,90,35,85,8,5,0,9
26,98,24,49,45,13,17,0,0,35,26,72,62,91,100,100,5
61,100,24,88,21,49,26,9,0,0,7,37,51,60,100,78,8
25,76,0,39,15,0,68,1,98,36,100,76,58,100,7,90,0
0,63,37,44,42,6,1,0,25,36,65,67,100,100,46,80,8
62,100,25,91,0,49,7,2,55,0,92,30,100,78,63,100,0
78,99,21,85,0,50,5,14,59,0,100,27,100,65,79,100,0
76,93,24,100,0,72,58,73,74,74,100,42,92,12,37,0,9
100,100,79,86,62,71,50,57,33,43,21,28,8,14,0,0,1
100,98,71,100,42,88,35,55,59,41,61,16,31,3,0,0,5
27,50,56,89,64,100,55,52,35,9,0,2,52,2,100,0,1
0,67,25,100,49,73,36,33,6,0,1,6,53,3,100,11,2
56,97,15,77,0,35,23,0,70,3,100,36,95,78,54,100,0
100,83,25,100,16,67,58,28,12,0,0,33,65,65,89,91,8
23,97,0,48,17,0,58,3,93,35,100,89,59,100,23,73,0
95,76,34,80,0,97,57,100,98,80,100,53,83,25,59,0,9
0,93,41,100,57,65,47,26,21,0,2,35,51,38,100,36,7
17,81,59,100,76,75,53,48,100,44,89,13,40,0,0,20,3
77,64,100,96,45,100,35,63,34,25,0,0,0,36,48,62,8
9,88,22,100,26,65,16,31,0,5,33,1,66,0,100,3,2
99,88,74,100,56,75,100,85,99,57,89,17,46,0,0,4,9
26,94,0,61,6,16,47,0,91,17,100,60,71,95,27,100,0
76,67,75,100,0,77,49,40,83,0,5,12,36,52,100,87,8
34,100,14,83,2,66,0,48,23,34,65,30,91,17,100,0,4
0,98,75,100,84,65,54,31,26,0,100,21,96,39,6,41,7
100,100,55,82,23,54,0,23,33,0,87,15,66,44,11,40,6
8,100,67,99,72,65,55,31,32,0,0,26,36,47,100,52,7
49,100,7,83,0,54,100,60,72,82,51,86,59,36,68,0,4
15,70,48,100,63,89,57,56,67,24,15,1,0,0,100,0,1
0,95,39,100,67,73,53,30,40,0,21,40,53,45,100,40,7
80,100,28,81,44,70,89,82,89,54,100,25,69,4,0,0,9
62,81,100,100,84,91,40,76,67,64,83,26,46,0,0,9,5
45,69,74,100,68,94,57,50,39,9,0,3,50,3,100,0,1
0,89,61,100,100,85,47,65,44,47,98,29,71,4,6,0,3
100,100,70,86,53,72,37,58,20,43,10,29,0,14,13,0,1
100,100,82,91,64,75,50,59,27,43,14,27,0,11,0,0,1
32,75,59,100,88,84,72,54,100,38,89,10,39,0,0,19,3
0,98,39,100,71,80,72,39,69,0,48,29,60,50,100,55,7
0,100,52,94,74,60,71,23,55,0,9,21,43,31,100,31,7
8,96,55,100,62,67,42,30,25,0,0,36,41,49,100,50,7
23,89,59,100,75,68,58,33,36,0,0,18,48,27,100,32,7
42,98,22,72,75,51,62,0,0,6,23,57,43,100,100,99,5
21,85,57,100,63,71,30,55,85,47,100,15,48,0,0,11,3
100,91,49,100,28,66,55,30,26,0,0,30,50,61,95,90,8
7,59,29,100,31,91,32,46,31,1,0,0,54,1,100,0,1
100,65,92,100,39,93,9,62,0,27,31,0,60,26,19,28,6
86,100,46,83,17,56,0,28,17,1,92,0,100,21,22,16,6
100,100,58,96,20,95,0,62,28,58,66,45,55,11,17,0,5
54,87,85,100,76,71,65,47,100,21,77,0,33,5,0,22,3
52,100,12,74,0,41,12,9,66,0,100,27,98,60,79,93,0
19,76,53,100,92,81,73,40,33,13,0,0,49,5,100,6,2
14,93,0,54,52,31,24,0,2,29,4,78,44,96,100,100,5
61,100,0,72,1,42,79,43,100,67,67,90,56,45,57,0,4
10,98,0,54,7,11,51,0,90,30,100,72,66,100,18,88,0
0,93,41,100,62,75,44,39,26,3,5,0,29,19,100,28,7
97,100,45,84,0,62,2,46,48,41,100,45,58,23,21,0,4
52,87,79,100,79,75,72,49,100,29,76,8,36,0,0,7,3
100,96,2,100,0,65,61,32,37,0,19,32,68,68,64,96,8
18,73,62,100,53,85,53,53,52,20,0,0,8,6,100,6,1
29,100,4,77,0,54,64,53,100,69,71,47,46,24,32,0,4
0,84,3,73,30,98,100,100,90,79,73,48,61,16,59,0,7
45,100,12,79,0,52,62,40,100,56,88,55,78,27,68,0,4
14,72,5,25,39,0,81,20,100,63,75,100,30,98,0,65,0
28,96,98,97,87,95,13,100,34,64,100,45,63,0,0,18,5
0,83,28,96,63,100,72,78,58,54,50,29,65,8,100,0,2
24,96,0,61,7,16,43,0,82,11,100,48,78,86,39,100,0
0,94,33,100,52,83,64,65,77,47,100,30,89,13,52,0,3
39,60,64,100,96,84,69,41,25,12,0,15,50,0,100,4,2
98,89,53,100,12,72,0,27,37,0,86,21,100,63,92,90,0
83,95,6,100,20,65,100,38,83,0,0,12,12,55,36,95,8
3,74,33,100,52,71,33,34,3,2,0,4,51,0,100,1,2
0,79,27,93,60,100,77,80,72,54,64,28,66,4,100,0,2
9,49,42,63,82,85,100,100,76,74,51,48,29,22,0,0,1
12,100,10,90,0,56,58,43,100,65,97,70,91,35,90,0,4
36,100,3,88,0,64,54,55,100,67,73,45,46,23,29,0,4
20,57,0,20,40,0,83,23,100,62,87,100,40,88,11,53,0
0,87,18,95,89,100,100,79,64,41,38,0,1,10,52,24,7
0,61,29,88,51,100,43,66,43,32,23,0,11,2,100,3,1
37,67,84,100,51,80,24,41,32,0,100,4,69,28,0,13,6
24,72,50,100,61,64,33,33,0,12,29,19,64,0,100,10,2
83,74,74,100,42,73,51,36,46,0,0,12,35,41,100,54,8
18,74,49,100,53,67,31,31,0,0,13,11,59,2,100,8,2
24,100,24,76,0,45,100,48,100,57,61,65,61,31,67,0,4
24,96,34,62,72,36,37,0,15,40,0,89,50,99,100,100,5
0,66,39,83,100,100,100,82,84,62,68,41,58,20,50,0,1
31,97,100,100,25,94,12,62,48,62,94,33,60,0,0,5,5
57,94,100,100,48,82,24,48,71,64,85,31,54,0,0,1,5
87,74,63,100,46,71,87,82,100,54,88,17,40,1,0,0,9
79,98,30,90,2,53,0,10,46,0,88,27,100,70,73,100,0
0,77,34,100,82,97,72,64,39,36,4,10,48,1,100,0,2
14,100,14,92,0,65,55,55,100,72,72,53,49,27,29,0,4
0,73,27,86,73,100,100,98,89,72,83,46,82,20,85,0,1
0,87,27,100,55,87,68,68,82,50,100,32,100,13,73,0,3
79,100,27,86,0,53,9,15,53,0,95,25,100,63,76,99,0
87,100,56,95,71,86,87,81,94,50,100,19,53,6,0,0,9
62,83,62,75,81,100,74,86,100,53,90,18,37,0,0,16,9
10,61,35,100,69,88,41,46,0,13,10,28,53,0,100,23,2
70,100,72,97,45,57,39,13,91,0,100,39,41,44,0,11,6
70,100,54,86,29,53,23,16,69,0,100,23,50,36,0,21,6
57,87,41,78,74,38,84,0,0,7,37,48,100,81,90,100,8
11,98,0,55,52,36,45,0,17,22,11,72,42,100,100,99,5
37,80,53,100,88,83,59,60,100,44,92,15,49,0,0,8,3
0,69,47,81,88,100,100,91,91,68,76,45,71,22,68,0,1
24,100,17,56,58,34,37,0,0,23,12,59,51,85,100,93,5
54,98,17,64,0,18,50,0,93,36,100,84,54,100,19,60,0
64,100,10,99,0,71,56,77,72,71,100,37,75,8,19,0,9
100,100,93,86,73,72,57,57,40,44,23,29,10,15,0,0,1
100,99,52,100,17,70,0,32,24,0,68,16,40,45,3,28,6
44,100,20,63,22,22,63,0,100,29,95,69,47,89,0,74,0
0,83,20,100,67,96,73,74,64,51,51,30,56,9,100,0,2
54,73,37,100,0,71,49,36,76,0,19,19,53,56,100,91,8
100,100,63,100,32,78,8,53,0,23,23,0,63,8,44,32,6
75,100,31,92,1,55,0,10,46,0,84,31,100,73,68,99,0
87,100,49,77,19,52,0,24,25,0,83,2,100,25,45,31,6
47,100,12,70,0,41,65,43,100,49,51,69,49,33,50,0,4
9,74,38,100,53,78,30,43,0,17,27,8,63,6,100,0,2
100,94,72,100,49,93,44,64,68,53,55,29,29,13,0,0,5
0,73,40,98,58,100,55,64,58,27,24,3,43,0,100,4,1
73,100,13,64,66,49,100,93,43,70,0,28,17,0,29,34,8
13,78,49,100,65,76,38,48,4,23,0,9,54,14,100,0,2
11,95,8,55,56,35,33,0,0,25,1,65,43,92,100,100,5
33,100,2,54,0,5,62,0,100,42,91,92,32,95,4,49,0
51,100,85,98,100,80,67,67,59,43,67,17,37,1,0,0,3
21,65,9,25,40,0,79,25,100,61,87,98,40,100,0,80,0
77,100,28,90,0,50,15,10,72,0,100,33,48,45,21,11,6
100,100,64,98,36,99,34,68,59,60,62,36,32,17,0,0,5
0,100,59,97,81,66,63,32,44,0,3,25,37,34,100,39,7
18,72,25,100,24,70,22,34,17,0,0,2,51,2,100,2,1
100,93,74,100,30,74,0,44,2,10,57,0,96,23,44,33,6
28,77,40,100,49,67,29,32,0,18,32,14,66,0,100,18,2
100,75,62,62,54,95,93,100,98,63,81,28,46,0,0,1,9
87,67,66,100,0,79,49,45,100,10,40,0,37,40,81,78,8
0,55,20,68,65,88,100,100,76,75,51,50,28,25,11,0,1
19,90,2,64,15,24,62,0,100,30,97,71,55,100,0,92,0
0,94,60,100,98,75,93,40,76,6,48,0,34,23,100,24,7
100,100,70,89,57,74,43,59,35,45,17,29,9,14,0,0,1
86,70,51,100,0,76,78,41,100,0,0,13,40,54,98,80,8
100,100,56,89,22,59,0,26,24,0,77,11,77,39,22,36,6
0,92,44,100,71,83,56,59,100,47,89,19,50,0,3,1,3
29,97,59,100,46,72,14,58,0,43,32,27,64,9,100,0,2
19,78,40,100,54,75,31,45,0,19,26,9,62,0,100,13,2
12,87,0,77,35,97,100,100,98,78,81,43,73,6,72,0,7
81,85,34,100,40,66,60,30,26,0,0,22,47,51,100,78,8
13,91,18,54,66,40,37,0,5,29,0,81,44,99,100,100,5
25,100,16,73,0,44,57,40,100,54,88,58,65,29,51,0,4
23,100,0,81,25,48,100,44,96,80,85,68,76,28,65,0,4
73,100,23,90,70,82,77,95,91,60,100,24,60,0,0,2,9
82,88,35,100,0,69,48,36,79,0,24,15,50,54,100,86,8
64,65,100,100,41,85,67,42,64,0,0,16,20,59,81,74,8
0,54,47,78,69,100,53,68,33,35,0,6,31,0,100,7,1
34,99,9,67,52,42,35,0,0,4,19,62,52,97,100,100,5
48,73,27,86,0,48,7,5,53,0,91,27,100,71,66,100,0
0,74,19,98,60,100,46,66,22,34,15,0,59,0,100,11,2
41,93,88,100,86,75,47,53,0,38,5,25,50,10,100,0,2
0,98,49,100,64,89,47,44,42,0,8,37,48,49,100,51,7
0,100,81,100,68,62,34,26,24,0,92,28,100,50,5,46,7
2,88,37,76,87,100,0,93,48,81,95,70,87,34,100,0,9
77,96,27,100,0,67,3,27,42,0,89,12,100,52,88,90,0
100,100,60,90,32,70,11,48,0,23,16,0,44,12,8,6,6
28,69,43,100,77,86,60,45,29,9,0,1,52,0,100,6,2
0,87,42,100,100,94,87,73,67,53,64,32,69,11,22,0,3
86,100,38,76,8,48,0,20,50,0,100,18,74,45,8,57,6
100,95,78,100,28,72,0,39,1,4,71,0,88,32,11,41,6
100,100,74,90,28,68,0,44,77,46,72,48,37,23,9,0,4
96,100,51,76,17,50,0,20,41,0,100,16,73,39,4,33,6
0,86,52,100,100,80,99,36,65,0,26,3,34,38,90,49,7
73,100,24,85,0,39,22,0,70,20,100,62,78,99,31,76,0
1,77,80,74,75,100,0,84,38,66,100,76,87,38,88,0,9
23,63,0,84,47,100,98,90,100,66,81,43,51,21,19,0,9
17,82,50,100,86,86,56,57,97,46,100,17,51,0,0,6,3
100,100,64,78,33,56,13,32,3,8,54,0,54,17,0,9,6
65,100,33,80,12,57,0,35,6,12,52,0,100,13,58,19,6
100,93,38,100,21,67,85,34,62,0,0,20,50,57,88,93,8
14,96,87,100,21,96,22,58,70,65,100,28,54,0,0,17,5
16,86,44,100,35,59,12,25,0,4,33,3,66,1,100,0,2
100,100,83,96,67,80,50,64,37,48,20,32,7,16,0,0,1
0,89,29,100,66,87,70,66,84,46,100,26,75,8,25,0,3
84,96,0,100,28,66,100,36,68,0,2,21,46,60,88,95,8
10,68,35,100,59,72,37,30,0,3,15,14,58,2,100,0,2
24,100,31,56,45,16,16,0,0,43,15,81,57,87,100,88,5
16,86,0,43,25,1,68,0,100,35,90,85,50,100,13,75,0
53,85,60,100,57,67,32,39,0,15,29,5,69,0,100,24,2
94,100,50,77,17,49,5,16,50,0,100,14,57,31,0,24,6
71,98,76,100,39,75,0,51,39,36,100,49,76,26,86,0,4
0,84,54,100,100,79,95,42,69,8,29,0,28,26,90,30,7
46,100,38,76,0,48,47,48,100,67,91,64,70,31,44,0,4
95,75,42,100,14,74,80,39,73,0,0,20,47,59,100,84,8
38,100,6,73,0,41,71,37,100,67,80,63,49,32,21,0,4
100,100,58,80,26,58,0,35,0,11,61,0,74,12,16,6,6
0,82,46,75,97,100,27,97,45,81,100,79,88,39,78,0,9
57,93,18,71,0,34,19,0,64,4,96,34,100,73,69,100,0
88,83,71,100,44,78,86,77,100,64,87,21,46,1,0,0,9
96,36,83,81,42,100,9,65,0,20,42,0,88,20,100,62,0
0,91,27,100,31,62,16,26,10,0,40,3,70,7,100,8,2
27,94,1,60,0,20,38,0,81,16,100,53,92,93,51,100,0
97,82,68,100,42,69,44,32,23,0,0,24,42,49,100,61,8
10,100,0,77,30,60,73,55,100,71,77,53,64,27,57,0,4
0,62,47,88,67,100,63,65,59,29,46,2,34,0,100,0,1
100,100,58,91,24,69,2,42,0,12,39,0,49,26,4,37,6
7,98,58,100,90,70,71,27,41,0,0,27,50,37,100,35,7
79,89,100,100,79,83,57,67,36,50,18,34,7,17,0,0,1
12,64,57,46,46,0,0,3,44,41,100,74,90,100,25,79,8
0,53,34,82,45,100,43,65,50,30,40,0,37,2,100,7,1
11,64,23,100,52,84,34,45,5,10,0,0,50,3,100,5,2
95,79,73,100,61,72,98,95,100,55,84,16,36,0,0,1,9
0,50,32,76,60,100,63,64,62,29,30,6,40,1,100,0,1
0,95,54,100,66,90,55,46,51,0,18,16,45,27,100,29,7
0,75,15,100,47,99,42,69,31,39,30,9,63,0,100,1,2
9,74,32,100,63,84,48,48,12,19,0,13,49,4,100,0,2
62,81,22,80,0,38,23,0,71,4,100,43,84,88,40,100,0
21,66,0,28,27,0,77,14,100,49,88,88,40,100,6,70,0
0,89,58,100,88,87,60,44,32,0,22,3,39,33,100,40,7
2,91,0,56,28,21,43,0,39,33,76,65,100,100,37,96,8
26,83,72,100,84,69,56,45,100,47,87,15,36,0,0,24,3
4,63,28,100,35,82,28,37,0,6,2,10,51,7,100,0,1
24,78,56,100,96,83,77,53,100,39,97,10,46,0,0,18,3
0,99,54,100,78,72,73,39,71,6,48,0,45,14,100,16,7
25,100,1,63,0,21,41,0,87,16,100,57,74,93,25,89,0
2,76,35,100,76,86,57,52,18,26,0,14,51,11,100,0,2
36,84,81,100,97,70,52,46,96,33,100,5,45,0,0,18,3
77,93,35,77,83,37,72,0,0,18,37,60,100,94,75,100,8
4,87,64,61,56,21,0,0,47,36,100,70,99,100,19,78,8
22,95,97,100,100,98,18,95,32,70,100,47,72,0,0,16,5
100,100,77,87,57,72,40,58,26,45,14,30,3,14,0,0,1
21,90,68,100,69,67,56,47,100,37,80,3,31,0,0,28,3
29,94,91,100,60,92,34,70,72,65,100,31,60,0,0,13,5
28,86,38,57,91,37,57,1,0,0,8,62,42,98,100,100,5
100,100,64,81,35,60,13,37,0,14,31,0,53,21,5,24,6
59,93,14,69,0,33,24,0,78,12,100,47,85,83,36,100,0
43,100,0,73,6,44,90,41,100,54,56,68,52,34,62,0,4
49,100,16,85,0,64,20,47,88,51,100,43,84,22,71,0,4
0,96,43,100,76,92,54,48,36,0,21,13,56,32,100,36,7
100,100,51,81,18,54,0,24,29,0,89,11,84,36,23,28,6
30,73,81,71,82,100,33,91,81,68,100,35,55,9,0,0,9
35,100,27,68,0,37,65,42,100,60,100,66,96,32,96,0,4
100,100,57,85,20,57,0,27,26,0,90,8,81,34,14,36,6
84,100,55,81,32,58,20,33,30,9,100,6,52,13,0,0,6
17,86,68,100,71,70,57,60,100,41,91,7,35,0,0,19,3
99,89,26,100,27,68,83,32,40,0,0,27,63,61,100,91,8
0,70,18,97,76,100,92,74,66,36,54,0,100,26,58,33,7
7,67,62,39,100,8,38,0,24,33,57,67,74,100,0,91,8
72,100,1,75,0,42,100,38,99,66,65,83,61,42,64,0,4
31,56,100,80,48,100,0,67,61,52,98,71,63,33,24,0,9
49,80,46,69,65,27,30,0,0,33,49,67,100,100,27,99,8
0,89,33,100,49,54,39,6,16,0,10,36,55,35,100,31,7
6,75,36,97,92,100,69,75,66,51,100,30,54,12,0,0,3
70,97,16,84,0,49,12,14,62,0,95,29,100,65,92,100,0
32,100,86,86,100,56,81,27,46,0,0,17,38,34,98,47,7
48,84,99,100,100,94,53,74,48,44,90,26,55,0,0,1,5
11,100,8,63,44,36,37,0,0,21,1,59,46,84,100,91,5
0,92,28,100,67,74,70,35,48,0,5,24,45,34,100,34,7
0,97,51,100,65,88,46,44,42,0,9,29,40,34,100,40,7
39,88,0,66,68,60,68,15,8,0,19,47,31,95,100,100,5
100,81,54,100,0,72,43,36,66,0,26,24,67,61,95,91,8
100,100,55,89,17,61,0,29,28,0,94,6,94,33,26,34,6
14,85,54,100,100,96,72,72,87,41,92,10,47,0,0,3,3
17,100,21,85,0,53,45,47,96,57,92,61,98,28,100,0,4
0,95,41,100,59,67,51,27,40,0,12,32,52,47,100,55,7
25,70,40,100,68,81,47,46,18,14,0,0,53,3,100,12,2
41,100,58,60,70,19,1,0,0,35,60,65,100,95,25,84,8
67,100,27,73,4,41,6,6,60,0,100,24,52,37,0,22,6
53,92,100,100,66,94,40,66,49,39,87,18,48,0,0,4,5
81,80,53,100,43,73,87,88,100,59,88,16,46,0,0,0,9
0,86,42,100,84,84,83,42,78,0,45,15,49,41,100,48,7
0,88,45,100,81,79,80,43,72,7,58,0,47,23,100,24,7
56,97,24,69,100,58,96,17,25,0,5,42,0,85,75,100,5
30,100,21,86,0,58,32,36,80,43,100,61,91,30,89,0,4
31,100,2,56,12,3,60,0,100,35,91,85,42,90,0,60,0
41,93,32,64,32,23,0,0,0,32,51,56,100,82,58,100,8
4,64,27,100,31,83,26,39,0,8,5,3,52,2,100,0,1
0,74,68,69,90,100,13,91,42,70,100,77,83,39,79,0,9
0,100,46,98,95,82,95,41,84,0,49,9,45,22,100,28,7
47,100,31,76,0,45,63,50,100,64,92,61,94,28,96,0,4
14,90,65,100,100,84,57,65,71,53,91,26,56,3,0,0,3
0,91,25,63,86,33,75,0,14,11,53,43,100,75,75,100,8
53,100,16,78,0,47,59,38,100,63,86,58,58,29,29,0,4
24,61,45,100,90,99,68,54,29,17,0,14,51,0,100,5,2
20,82,71,100,100,96,41,87,10,71,62,48,54,0,0,0,5
100,91,75,100,47,79,39,45,73,40,78,13,41,0,0,0,5
18,75,51,100,65,72,41,35,8,3,0,0,50,6,100,15,2
13,96,0,71,78,61,82,12,7,0,4,49,15,97,100,100,5
74,100,47,84,0,66,23,53,84,42,100,44,60,23,33,0,4
0,67,44,80,88,100,100,88,88,66,69,44,50,22,50,0,1
100,77,64,61,9,74,54,100,100,85,91,51,59,19,0,0,9
72,74,63,100,0,78,67,42,100,0,15,4,38,47,95,80,8
57,100,84,99,79,71,68,47,100,30,77,9,38,0,0,3,3
0,75,15,100,47,91,41,64,27,38,16,11,53,1,100,0,2
1,61,11,100,19,66,2,27,0,1,33,0,66,1,100,3,2
21,64,34,100,39,92,41,55,41,18,0,1,34,0,100,1,1
78,75,51,100,8,75,47,58,85,60,100,20,64,0,0,1,9
0,82,33,100,77,89,87,57,72,25,53,0,51,27,100,24,7
12,98,56,100,54,67,33,33,10,0,0,34,39,44,100,44,7
0,88,35,100,55,68,49,27,38,0,19,32,59,40,100,45,7
100,100,54,91,22,66,0,40,3,13,54,0,81,23,24,31,6
31,94,0,62,2,17,40,0,78,20,100,60,80,98,37,100,0
46,100,11,80,0,55,51,43,100,62,81,48,65,24,73,0,4
24,84,2,39,26,0,77,10,100,53,84,97,33,100,0,63,0
0,56,32,78,78,98,100,100,85,75,76,50,73,24,76,0,1
6,97,62,100,89,70,62,34,42,0,100,25,76,40,0,36,7
48,81,5,96,53,100,55,68,24,38,0,7,48,0,100,2,2
78,72,60,100,24,68,69,32,57,0,0,29,36,67,100,98,8
62,100,13,81,0,50,100,56,77,78,57,88,62,35,65,0,4
0,54,53,37,52,0,22,6,57,39,92,72,100,100,48,77,8
7,92,47,58,76,23,13,0,22,35,78,67,100,100,0,86,8
87,86,46,100,17,70,75,75,100,80,94,39,58,6,0,0,9
0,95,27,100,57,71,45,31,33,0,3,36,36,51,100,53,7
0,51,25,69,65,88,100,100,82,76,65,50,55,26,51,0,1
47,91,28,66,70,32,98,0,40,11,2,47,0,81,100,100,5
0,91,59,100,85,94,54,53,37,7,21,0,34,35,100,42,7
5,58,39,100,47,99,41,42,12,0,0,5,55,4,100,6,1
90,100,58,88,23,56,16,17,66,0,100,27,58,54,0,43,6
100,100,69,83,40,58,15,31,0,0,36,1,43,27,6,20,6
27,69,0,35,8,0,60,12,90,44,100,81,57,100,13,80,0
0,61,34,81,84,100,100,94,84,71,70,47,55,24,48,0,1
22,100,19,84,0,49,40,39,97,41,90,69,93,31,100,0,4
19,86,0,47,5,4,50,0,90,29,100,70,68,100,35,75,0
19,92,38,100,59,68,44,31,18,0,0,35,50,39,100,45,7
0,33,35,52,66,75,96,100,100,96,79,66,61,33,49,0,1
13,78,77,78,74,100,0,89,49,78,99,71,91,35,100,0,9
0,59,40,78,76,100,100,100,82,75,62,49,40,25,29,0,1
0,91,42,95,84,100,88,78,70,38,61,0,57,38,100,40,7
100,100,72,81,55,55,45,27,48,0,72,5,36,18,0,12,6
67,100,39,88,10,56,0,20,44,0,100,12,92,38,31,37,6
63,100,33,90,5,56,10,18,61,0,100,22,46,36,0,16,6
0,77,32,100,83,79,89,39,68,0,27,0,33,23,100,25,7
100,96,60,100,22,79,0,51,1,21,34,0,67,16,27,34,6
70,96,26,100,3,64,0,24,40,0,88,14,100,52,86,92,0
0,44,11,72,48,93,98,100,100,74,70,50,64,27,82,0,3
51,90,100,100,73,93,42,67,81,46,96,14,49,0,0,6,5
100,100,61,90,13,72,0,54,52,38,93,43,52,23,24,0,4
38,86,66,100,100,94,70,74,71,39,70,7,35,0,0,3,3
6,76,44,71,89,100,0,95,27,79,100,81,91,40,97,0,9
0,88,53,100,100,92,66,62,37,30,35,0,7,32,62,36,7
0,70,32,100,87,94,99,54,92,13,55,0,42,20,100,27,7
9,84,44,100,67,78,27,55,83,44,100,14,48,0,0,3,3
11,72,45,100,100,98,90,60,49,31,0,10,15,2,74,0,2
61,92,100,100,74,85,55,51,92,36,78,2,38,0,0,11,5
23,68,46,100,46,85,47,48,43,12,0,0,54,4,100,2,1
0,96,51,100,100,96,70,63,49,27,32,0,16,36,69,51,7
38,92,96,100,65,92,30,63,65,48,100,24,58,0,0,5,5
97,88,41,100,31,59,98,67,100,91,97,46,75,2,0,0,9
35,83,0,45,0,0,51,0,91,35,100,82,56,100,14,74,0
29,78,44,100,47,62,29,26,0,0,27,6,64,7,100,17,2
32,100,19,78,0,48,49,35,100,47,98,60,75,30,59,0,4
30,91,72,60,91,96,47,100,95,75,100,19,52,0,0,1,9
0,95,62,100,98,78,70,37,50,0,100,27,88,46,26,48,7
28,100,28,72,0,39,39,41,100,54,98,60,96,25,91,0,4
62,100,0,77,68,43,100,4,7,0,21,39,88,73,15,90,8
27,76,41,100,100,94,79,66,86,45,94,16,39,0,0,10,3
56,72,38,100,0,69,45,35,64,0,2,21,35,57,100,86,8
72,65,53,100,0,88,39,64,75,83,100,42,84,4,27,0,9
9,56,6,14,40,0,78,27,100,62,90,97,43,100,0,84,0
86,100,38,72,7,38,14,3,82,0,100,34,44,50,0,28,6
100,92,65,100,46,85,49,58,77,42,67,18,35,6,0,0,5
46,100,28,86,6,42,23,0,82,13,100,56,62,92,0,88,0
76,54,73,95,27,100,0,60,8,15,53,0,91,29,100,72,0
16,96,94,100,28,96,4,68,35,51,100,35,65,0,0,14,5
0,92,52,100,98,83,100,48,85,13,59,0,44,17,99,18,7
72,87,29,100,0,67,50,56,92,79,100,45,98,6,45,0,9
42,97,4,72,33,33,42,0,0,22,56,54,100,89,44,100,8
38,82,77,100,100,96,51,90,13,71,58,52,46,0,0,14,5
14,77,37,100,51,74,32,41,0,18,33,16,68,0,100,18,2
69,78,31,98,21,62,61,21,0,0,10,40,79,72,100,100,8
79,80,39,100,45,57,60,15,8,0,0,34,55,56,100,75,8
41,100,3,64,0,13,50,0,95,31,100,80,50,87,22,44,0
51,82,100,100,54,76,0,54,8,32,84,45,49,25,27,0,4
55,96,99,100,52,86,61,58,96,35,100,6,51,0,0,2,5
37,55,41,86,100,100,97,71,83,53,96,23,49,0,0,9,3
100,100,62,80,32,59,11,38,0,16,35,0,78,17,24,8,6
7,77,33,100,56,77,34,37,0,4,4,0,53,5,100,20,2
0,98,42,100,73,70,60,31,35,0,5,27,52,32,100,24,7
100,100,72,86,52,71,34,57,17,43,7,29,0,14,0,0,1
91,92,26,100,14,61,79,63,91,77,100,35,69,0,0,18,9
6,65,0,92,48,100,100,97,74,73,47,49,25,24,32,0,7
100,100,50,91,19,66,0,40,0,13,48,0,94,15,44,21,6
100,100,60,99,27,83,15,52,47,44,76,26,42,7,0,0,5
66,94,20,75,77,39,77,0,0,15,39,53,100,89,0,100,8
43,84,74,100,100,87,70,64,94,38,78,11,39,0,0,1,3
93,84,52,100,6,83,0,35,28,0,77,6,100,47,89,79,0
30,68,63,99,76,100,65,60,44,23,0,0,46,2,100,10,1
42,100,22,74,0,48,43,34,97,39,100,53,78,27,64,0,4
67,100,25,89,0,51,4,8,49,0,88,26,100,68,67,97,0
70,100,33,89,0,56,2,18,62,0,100,27,40,43,0,17,6
15,100,0,84,6,64,65,60,100,62,81,42,71,21,73,0,4
84,68,73,100,9,84,37,60,100,81,90,46,59,9,0,0,9
32,100,0,70,11,24,56,0,100,22,95,68,55,98,15,77,0
0,94,59,100,90,99,100,76,31,51,85,46,73,23,3,0,3
0,98,70,100,97,84,87,65,83,46,100,27,97,9,30,0,3
100,100,61,83,35,63,12,43,0,22,4,0,41,6,27,25,6
0,75,47,100,100,94,94,58,60,27,7,4,30,5,98,0,2
95,100,46,78,11,44,7,6,66,0,100,29,48,46,0,28,6
0,78,54,69,100,92,55,100,34,69,90,75,93,41,91,0,9
15,75,0,34,24,0,69,10,98,44,100,86,58,100,13,86,0
100,100,77,99,42,76,16,50,0,20,28,0,65,17,25,30,6
47,50,88,41,100,1,0,0,18,41,88,76,84,100,12,73,8
38,67,50,100,73,67,41,26,0,2,9,12,54,1,100,0,2
0,89,59,100,100,74,68,36,27,0,53,1,95,28,15,34,7
48,91,63,100,32,78,0,56,51,46,100,48,78,24,65,0,4
100,98,65,100,19,94,0,61,44,67,74,44,51,13,6,0,5
100,100,71,93,38,65,16,33,29,0,76,7,35,19,0,14,6
35,79,43,65,79,27,16,0,0,34,60,68,100,100,3,92,8
38,100,0,71,19,44,91,41,100,58,71,77,63,38,61,0,4
71,100,35,82,0,62,45,51,100,49,82,43,52,21,25,0,4
0,54,30,84,54,100,53,64,46,27,5,0,41,0,100,4,1
44,86,76,100,74,73,55,45,100,32,100,9,49,0,0,4,3
100,100,65,88,26,61,0,30,13,0,71,6,61,34,2,34,6
0,75,60,100,69,89,66,51,73,13,13,2,35,0,100,3,1
0,89,53,100,91,77,77,36,49,0,23,19,43,43,100,44,7
48,100,20,88,0,72,4,54,21,39,52,28,79,15,100,0,4
48,86,92,100,100,79,58,62,80,48,75,17,33,0,0,15,3
41,100,45,99,10,77,0,58,59,49,100,49,71,25,58,0,4
100,100,46,84,76,42,74,0,0,14,26,56,81,92,51,99,8
0,97,49,100,100,97,99,66,69,33,42,0,22,33,74,34,7
64,88,84,100,100,78,76,54,85,33,86,10,42,0,0,4,3
44,86,90,86,60,100,61,82,100,58,94,20,49,4,0,0,9
0,73,7,84,63,100,100,98,88,73,80,49,74,24,77,0,1
22,86,100,100,32,97,0,69,13,59,92,55,86,19,15,0,5
21,85,73,100,100,96,44,87,10,74,62,51,47,0,0,11,5
98,100,50,83,14,53,0,20,46,0,100,16,70,43,18,38,6
0,93,64,100,100,79,54,55,23,43,86,34,74,5,10,0,3
38,70,61,100,91,86,72,53,39,24,0,0,47,12,100,11,2
0,78,38,98,86,100,76,66,79,52,100,28,65,0,24,9,3
0,54,35,72,69,92,100,100,83,75,64,50,42,25,25,0,1
18,89,100,100,53,93,10,64,53,77,96,52,68,21,0,0,5
100,100,62,85,34,58,11,31,0,3,48,0,81,24,34,23,6
67,96,100,100,43,86,17,51,67,69,91,37,52,7,0,0,5
67,86,100,84,66,100,56,79,96,66,96,23,52,0,0,15,9
20,88,67,100,100,92,69,72,62,49,80,26,51,7,0,0,3
100,100,83,93,67,78,54,62,38,47,29,31,12,15,0,0,1
39,100,31,68,0,39,56,41,100,50,95,61,92,29,92,0,4
100,100,66,98,34,75,10,48,0,17,32,0,57,23,22,40,6
0,65,39,96,45,100,48,64,56,28,20,2,12,0,100,3,1
72,100,28,80,53,47,84,15,30,0,0,23,49,50,100,76,8
100,80,66,55,22,67,55,100,100,80,94,40,59,5,0,0,9
24,84,0,42,11,0,61,9,95,44,100,89,54,100,14,70,0
0,89,45,100,77,80,72,45,70,10,59,0,48,24,100,28,7
0,46,37,65,74,85,100,100,82,74,63,49,40,24,15,0,1
72,89,88,80,71,100,72,85,100,57,87,18,41,0,0,21,9
100,100,54,77,20,49,0,19,41,0,100,11,76,38,11,35,6
65,80,59,100,2,75,73,45,100,10,0,0,8,33,78,63,8
15,85,53,100,78,79,47,53,4,34,0,20,49,9,100,0,2
0,84,36,100,69,79,77,38,70,0,35,21,59,35,100,39,7
35,93,23,80,0,41,2,0,55,3,92,34,100,75,61,100,0
75,69,79,100,14,88,71,70,92,84,100,36,58,0,0,9,9
21,98,27,71,57,35,27,0,6,22,0,60,21,95,100,100,5
18,67,0,42,23,2,68,0,100,32,93,77,54,100,21,76,0
22,100,1,55,10,10,60,0,100,31,97,77,51,99,0,83,0
83,100,35,96,65,77,94,94,100,58,95,22,53,3,0,0,9
69,100,37,70,0,41,21,32,91,30,100,56,93,33,84,0,4
0,83,52,100,100,82,80,41,53,0,30,3,33,40,99,45,7
100,100,55,80,23,54,5,26,27,0,81,7,58,29,0,27,6
35,100,0,67,4,19,52,0,100,18,100,66,60,97,10,89,0
84,100,34,84,69,76,91,80,90,55,100,29,60,11,0,0,9
2,59,0,86,41,100,100,100,88,79,59,55,38,28,35,0,7
100,62,79,100,34,94,4,59,0,13,44,0,79,22,85,61,0
0,96,54,100,65,76,41,39,24,0,16,14,45,34,100,35,7
1,66,8,100,29,77,22,35,0,2,31,0,65,4,100,10,2
24,64,38,100,68,92,48,56,17,25,0,5,51,0,100,9,2
65,95,100,100,45,82,47,73,94,59,87,25,39,0,0,8,5
0,73,4,69,22,95,93,100,100,83,82,45,67,8,76,0,7
4,57,39,95,49,100,51,47,24,8,0,0,53,2,100,5,1
42,100,34,62,55,29,40,0,0,23,5,55,51,71,100,83,5
45,97,9,67,0,26,36,0,82,14,100,53,79,93,32,100,0
32,90,21,41,46,0,91,17,100,66,64,100,15,88,0,42,0
100,64,91,100,40,82,80,61,97,76,99,31,61,0,0,2,9
0,96,41,100,79,85,84,43,78,0,56,8,58,29,100,28,7
0,70,38,100,100,98,84,53,53,6,69,0,98,30,36,31,7
8,91,12,53,59,36,26,0,5,32,0,79,42,98,100,100,5
22,100,0,75,5,49,61,47,100,68,86,52,70,26,69,0,4
58,100,3,99,0,64,57,65,71,70,100,30,70,0,13,3,9
73,100,35,86,3,53,0,16,54,0,100,22,53,42,4,30,6
0,100,44,97,60,58,46,17,26,0,5,38,51,49,100,56,7
0,97,51,100,82,86,84,65,90,45,100,25,82,8,35,0,3
78,100,20,92,0,58,6,22,53,0,97,23,100,59,89,95,0
91,93,80,100,43,77,0,55,54,47,100,50,69,25,38,0,4
100,100,71,77,49,52,29,29,22,4,58,0,44,19,0,7,6
46,100,10,71,0,28,32,0,76,20,100,59,87,99,39,98,0
29,100,15,81,4,62,0,43,20,27,59,24,95,18,100,0,4
88,63,73,100,25,98,0,55,11,11,57,0,100,23,98,68,0
100,100,48,81,14,53,0,24,35,0,97,12,43,29,4,16,6
92,93,38,100,44,62,100,84,91,75,94,29,53,0,0,23,9
0,82,25,100,36,68,21,33,13,7,42,2,71,0,100,1,2
28,98,77,100,89,65,67,27,35,0,0,17,48,29,100,30,7
35,100,2,66,0,21,41,0,87,9,100,51,69,85,23,89,0
53,100,3,75,0,43,76,41,100,74,73,61,38,31,7,0,4
54,100,14,71,0,38,68,33,100,47,61,76,50,38,54,0,4
100,74,75,100,25,85,0,53,8,19,55,0,68,27,16,34,6
34,92,16,51,39,9,84,0,100,43,79,85,35,100,0,70,0
0,94,35,100,60,71,55,29,49,0,29,39,50,57,100,57,7
42,91,73,64,100,95,48,100,81,73,100,38,64,4,0,0,9
87,100,11,90,62,63,100,28,53,0,0,23,45,57,94,89,8
46,100,30,79,0,51,43,38,86,47,100,64,81,32,71,0,4
74,100,51,90,0,70,18,55,84,42,100,45,60,22,23,0,4
0,93,70,100,100,88,95,70,75,52,70,34,55,17,45,0,1
75,100,35,99,61,73,89,99,95,64,100,22,56,0,0,7,9
25,96,76,100,84,73,43,51,80,39,100,13,52,1,0,0,3
0,29,21,0,63,25,100,59,100,100,52,86,13,55,2,12,0
89,100,52,72,0,46,10,33,100,35,99,60,89,31,85,0,4
32,76,51,100,70,73,39,41,0,17,10,18,54,0,100,6,2
27,60,44,100,42,90,44,45,47,3,0,0,50,2,100,6,1
54,89,75,100,90,75,69,48,100,30,83,8,40,0,0,8,3
22,86,74,100,96,72,67,42,100,42,98,12,30,0,0,19,3
28,88,55,100,56,69,30,41,0,16,33,7,72,0,100,26,2
42,100,19,80,0,47,46,36,100,45,100,71,94,36,87,0,4
54,89,100,100,68,98,25,71,68,66,81,29,46,0,0,11,5
2,75,28,100,66,95,48,65,22,37,0,7,47,0,100,1,2
6,67,0,93,50,100,100,100,83,74,60,50,39,26,25,0,7
80,82,23,83,0,96,67,100,100,77,91,51,67,25,45,0,9
8,75,15,56,100,33,75,0,30,9,12,44,0,79,88,100,5
12,88,4,47,15,8,68,0,100,34,99,73,54,100,0,90,0
21,100,8,82,0,63,11,46,39,36,73,30,100,18,100,0,4
20,88,1,52,17,7,69,0,100,38,85,84,36,100,0,69,0
80,100,22,76,58,36,100,0,0,7,12,38,96,65,44,91,8
42,75,70,100,75,66,51,29,14,0,0,6,49,13,100,15,2
0,73,28,100,69,100,60,68,36,38,11,9,51,0,100,6,2
34,95,78,100,100,83,65,63,91,37,91,11,46,0,0,5,3
100,76,53,55,15,73,51,100,91,81,83,44,52,12,0,0,9
77,100,48,75,16,52,0,26,47,18,100,36,89,25,79,0,4
76,82,72,42,93,0,7,5,33,42,100,74,72,100,0,74,8
85,83,100,76,81,100,50,67,93,69,95,21,47,0,0,23,9
62,100,14,91,0,54,12,17,55,0,96,21,100,60,79,95,0
14,83,0,74,8,94,62,100,100,97,75,63,61,26,56,0,7
41,89,29,61,76,47,49,7,0,0,21,46,51,89,100,100,5
97,91,0,94,19,58,68,22,12,0,20,37,81,70,100,100,8
72,100,34,82,0,59,51,53,100,48,99,51,71,26,51,0,4
26,100,0,60,5,16,50,0,93,25,100,67,52,75,13,48,0
17,98,77,100,85,66,68,32,42,0,0,26,38,50,100,60,7
58,100,0,84,75,60,100,24,35,0,6,32,45,68,30,98,8
100,100,86,89,42,71,0,52,23,39,62,46,35,23,9,0,4
43,72,0,89,46,100,67,76,49,47,26,19,46,0,100,3,2
6,91,55,100,58,90,49,64,88,42,100,12,51,0,0,4,3
33,84,84,100,94,76,50,54,93,47,100,19,52,0,0,6,3
51,100,7,78,57,64,87,92,86,70,100,31,61,4,0,0,9
28,100,16,81,0,45,38,27,85,51,100,69,80,33,81,0,4
89,66,100,100,50,96,17,64,0,26,27,0,54,31,18,33,6
36,83,61,100,23,68,0,33,23,0,100,5,80,29,0,23,6
100,100,67,81,41,62,20,41,8,20,18,0,47,10,0,20,6
0,98,35,100,61,76,57,37,42,0,31,24,64,39,100,48,7
74,100,47,82,54,43,54,4,0,0,28,31,78,55,100,89,8
14,86,0,42,25,0,71,3,100,43,86,89,41,100,5,69,0
0,100,62,99,100,74,88,39,71,5,43,0,20,17,100,27,7
3,51,38,84,99,100,100,63,57,33,0,10,12,0,82,1,2
0,77,56,90,100,100,94,80,75,60,56,40,38,20,31,0,1
44,95,23,49,22,0,68,4,100,45,100,94,47,100,0,75,0
72,100,16,89,52,60,100,86,92,72,93,28,55,0,0,19,9
70,75,92,40,84,0,0,0,35,38,100,71,90,100,13,84,8
67,72,24,71,0,86,41,100,84,97,100,65,88,32,68,0,9
76,97,38,71,44,34,36,0,0,24,54,52,100,82,62,100,8
34,91,0,72,5,22,45,0,90,16,100,63,69,100,24,91,0
0,87,23,100,47,85,33,53,17,21,33,0,66,8,100,18,2
100,100,53,89,19,63,0,31,13,0,63,1,75,29,29,43,6
4,71,54,39,31,0,0,10,46,46,100,80,80,100,2,77,8
100,100,42,81,0,45,4,2,72,0,92,34,45,58,3,55,6
76,100,100,94,88,77,76,61,60,46,40,30,20,14,0,0,1
0,99,57,100,79,89,63,45,59,0,32,6,33,27,100,32,7
0,52,34,63,66,82,100,100,94,78,78,52,62,26,55,0,1
26,95,0,58,9,16,58,0,99,25,100,68,65,100,20,87,0
85,90,31,100,31,64,88,80,98,71,100,32,65,0,0,13,9
13,88,0,53,17,13,67,0,100,31,91,72,51,100,5,86,0
58,64,69,100,91,71,72,33,36,4,0,1,50,6,100,0,2
85,98,17,99,21,61,66,23,15,0,0,35,61,68,100,100,8
35,84,24,28,54,0,87,28,100,81,66,100,30,83,0,48,0
0,80,22,100,57,95,46,59,25,27,31,0,67,9,100,21,2
0,93,62,100,74,85,53,42,49,0,1,31,28,37,100,40,7
100,100,68,91,37,65,15,37,9,4,45,0,46,27,0,23,6
84,78,38,100,18,67,77,33,59,0,0,23,45,60,100,95,8
31,93,5,82,0,43,73,40,100,58,60,100,43,51,48,0,4
0,75,45,100,45,95,44,61,45,27,15,0,34,1,100,5,1
25,81,61,100,85,77,57,53,100,42,93,7,36,0,0,22,3
0,61,0,85,39,99,100,100,79,76,57,51,38,25,33,0,7
0,66,26,97,85,100,100,63,71,25,41,0,19,39,80,36,7
71,100,12,76,0,47,100,47,97,83,74,93,68,44,65,0,4
12,100,49,100,65,68,49,33,27,0,0,19,44,29,100,31,7
4,73,31,98,76,100,69,68,100,42,87,11,43,0,0,12,3
0,91,42,100,71,75,59,37,51,0,27,34,50,54,100,56,7
31,87,20,59,92,56,73,15,0,0,6,44,25,90,100,100,5
74,100,38,91,15,62,0,30,13,0,69,0,100,26,46,32,6
46,100,18,76,0,32,29,0,77,18,100,59,75,98,23,96,0
8,73,22,100,34,65,26,29,0,2,16,0,58,3,100,6,2
100,100,59,98,24,83,7,57,46,66,60,36,38,5,0,0,5
70,86,89,80,71,100,80,81,100,50,78,20,40,6,0,0,9
57,100,10,87,0,53,52,39,95,58,100,68,87,35,84,0,4
0,76,28,100,66,93,61,57,35,29,19,7,60,6,100,0,2
80,95,0,84,43,48,100,16,58,0,37,36,75,73,82,100,8
0,80,43,100,89,83,80,50,63,17,47,0,30,26,100,30,7
9,100,59,67,85,33,41,0,0,21,44,54,100,87,29,98,8
0,70,71,90,100,100,84,66,76,32,47,2,5,2,98,0,1
95,100,46,85,16,55,0,22,39,0,100,13,80,39,16,29,6
100,100,58,99,28,91,12,57,52,58,64,26,36,0,0,9,5
50,98,22,84,0,39,25,0,78,12,100,56,83,100,27,97,0
19,81,0,41,11,0,52,10,84,40,100,80,67,100,29,82,0
100,77,77,100,29,86,0,57,3,24,39,0,56,21,11,39,6
6,93,48,100,84,70,79,23,48,0,0,23,44,35,100,39,7
100,100,62,85,32,57,11,26,25,0,58,21,35,45,0,35,6
75,82,28,100,0,67,77,36,100,0,16,15,40,55,84,92,8
0,94,66,100,97,72,83,35,56,0,24,11,32,40,100,46,7
13,66,24,100,54,86,33,45,0,17,17,17,58,6,100,0,2
64,74,73,52,100,13,35,0,47,37,95,72,56,100,0,76,8
98,87,44,100,20,70,26,31,0,0,0,32,44,58,100,70,8
100,100,55,89,21,59,0,27,29,0,88,11,70,39,4,37,6
0,93,59,100,89,71,72,35,48,0,22,24,35,48,100,51,7
31,89,0,57,4,14,61,0,100,33,95,77,47,100,16,72,0
41,84,59,100,53,69,28,40,0,14,32,16,67,0,100,21,2
6,100,1,53,61,48,44,0,5,16,0,70,41,98,100,97,5
100,100,37,77,61,40,67,2,0,0,34,38,83,72,70,88,8
0,77,18,100,23,90,25,57,26,25,2,0,13,4,100,8,1
48,92,89,100,100,83,81,63,81,42,77,21,42,6,0,0,3
0,92,44,100,78,79,68,40,58,0,33,17,53,33,100,31,7
2,90,60,100,100,72,72,36,40,0,88,12,79,29,0,31,7
100,100,51,81,7,61,0,42,67,51,51,46,23,23,9,0,4
0,75,23,100,63,85,72,42,70,0,29,12,51,25,100,32,7
8,70,0,96,46,100,100,98,96,75,69,50,48,24,58,0,7
12,90,0,83,42,94,100,100,83,77,61,51,41,26,35,0,7
0,74,30,100,66,87,51,51,21,21,4,0,52,1,100,7,2
0,64,19,92,100,100,87,73,61,37,39,0,31,24,96,42,7
0,87,44,100,84,87,53,59,53,41,100,26,69,5,18,0,3
0,82,22,100,50,91,48,66,38,42,33,18,55,1,100,0,2
13,65,58,82,100,100,77,80,52,60,32,40,10,20,0,0,1
0,96,46,100,73,68,61,34,34,0,4,1,28,23,100,30,7
100,100,43,95,56,56,59,17,0,0,17,34,65,65,72,95,8
32,100,0,74,9,46,73,52,100,83,77,64,53,32,32,0,4
14,55,43,100,46,92,41,36,9,0,0,2,50,0,100,1,1
16,81,54,100,100,89,60,61,58,48,97,28,57,0,0,5,3
27,69,56,100,64,87,58,47,37,12,0,0,50,2,100,5,1
50,70,60,100,100,97,91,61,88,47,83,15,43,0,0,7,3
0,97,43,96,87,100,100,93,70,73,42,51,19,26,17,0,7
14,91,38,75,69,39,35,0,0,18,8,66,35,100,100,96,5
0,68,50,100,57,96,56,54,56,13,36,6,1,0,100,1,1
48,100,46,97,12,66,0,43,61,40,86,66,88,34,100,0,4
22,96,26,53,81,46,60,0,21,23,0,73,42,95,100,100,5
23,93,5,56,19,13,68,0,100,35,92,79,45,100,0,78,0
0,24,30,48,61,75,91,100,100,93,83,62,68,31,59,0,1
0,51,35,69,78,91,100,100,81,75,62,50,40,25,24,0,1
36,93,12,61,87,55,79,16,11,0,0,48,25,92,100,100,5
0,86,47,100,94,84,87,40,65,0,39,6,45,38,100,42,7
73,74,80,100,23,65,0,22,57,0,100,38,91,82,23,73,0
13,98,8,65,41,37,29,0,3,29,0,70,45,93,100,100,5
40,95,16,58,100,52,90,10,12,0,0,48,8,89,94,100,5
13,75,44,100,52,65,32,30,0,0,0,11,50,5,100,5,2
15,82,5,53,43,23,10,0,2,41,0,84,49,98,100,100,5
0,62,20,90,58,100,58,71,37,41,23,9,58,0,100,4,2
56,100,26,75,0,46,34,32,81,32,96,61,86,29,100,0,4
74,100,0,96,2,68,74,81,60,70,86,37,100,6,21,0,9
6,100,0,67,56,36,70,0,58,22,100,57,100,91,0,95,8
27,77,60,100,100,92,70,62,97,51,92,18,49,0,0,9,3
76,76,48,100,0,80,37,58,100,74,84,57,46,29,19,0,9
61,100,23,76,0,38,15,0,75,11,100,48,73,85,14,91,0
79,75,41,100,3,75,54,59,79,61,100,20,54,0,0,14,9
31,100,15,84,2,65,0,45,20,29,48,21,79,14,100,0,4
100,71,29,72,0,90,59,100,98,79,98,51,83,25,59,0,9
63,92,100,100,77,85,54,69,34,52,17,35,3,17,0,0,1
64,59,62,97,5,80,0,37,36,0,95,15,100,58,82,100,0
24,78,43,100,54,75,30,43,0,16,27,4,66,0,100,22,2
41,100,38,84,16,52,11,17,54,0,100,19,55,32,0,23,6
11,88,0,64,67,52,64,0,0,2,0,57,25,99,100,100,5
100,72,58,100,0,77,46,39,62,0,24,21,69,58,69,91,8
0,100,34,96,56,64,56,23,40,0,29,32,64,35,100,34,7
8,68,33,100,52,79,31,42,0,14,24,0,64,1,100,19,2
100,93,52,100,38,70,89,83,99,72,92,30,56,1,0,0,9
0,49,35,62,82,82,100,100,85,74,65,49,44,24,29,0,1
0,59,46,76,91,100,82,66,71,34,65,0,33,8,100,10,1
13,77,44,100,51,68,40,36,15,7,0,1,50,3,100,0,2
67,100,22,81,0,46,12,11,64,0,100,27,94,63,77,99,0
0,81,29,100,64,82,67,40,50,0,23,32,60,43,100,51,7
100,100,61,79,25,51,0,20,38,0,91,17,61,42,5,28,6
70,100,35,72,10,44,10,14,68,0,100,26,65,53,0,63,6
40,100,0,86,7,63,100,63,68,90,46,80,52,39,40,0,4
83,68,58,100,5,82,45,59,88,76,100,31,63,0,0,4,9
0,90,57,100,100,81,83,40,58,0,29,3,28,37,89,43,7
44,99,11,71,0,30,30,0,74,11,100,47,88,86,46,100,0
67,74,73,100,0,79,71,43,98,0,9,7,33,51,100,77,8
78,100,37,74,0,45,58,39,100,53,81,69,70,35,65,0,4
24,95,97,100,22,92,19,55,71,70,100,32,54,0,0,21,5
0,84,48,100,83,79,69,38,47,0,14,19,46,40,100,46,7
100,90,68,100,23,99,0,71,15,59,54,49,49,16,12,0,5
100,100,46,89,13,64,0,34,25,7,80,0,80,24,26,26,6
26,84,38,100,52,74,30,42,0,15,20,9,62,0,100,18,2
22,73,64,90,16,100,38,82,87,63,100,26,52,7,0,0,9
64,100,53,87,20,59,0,28,24,0,85,0,100,26,41,33,6
44,85,100,100,83,85,61,68,44,51,31,34,17,17,0,0,1
56,100,18,69,0,36,61,34,100,41,78,77,71,39,66,0,4
21,86,72,100,85,72,70,43,79,41,100,15,47,0,0,18,3
27,100,92,91,100,61,88,30,71,0,0,10,8,32,96,40,7
100,100,95,85,84,70,71,55,55,41,36,27,14,13,0,0,1
16,100,0,83,0,65,18,50,50,41,82,34,99,18,100,0,4
100,97,64,100,35,79,29,42,74,44,82,17,43,0,0,3,5
65,100,35,85,4,54,0,20,48,0,100,24,67,51,7,36,6
11,62,0,88,38,99,100,100,87,78,64,52,44,27,45,0,7
82,100,0,89,51,60,100,28,43,0,3,26,36,63,43,97,8
100,100,82,91,65,75,50,59,35,43,18,28,9,12,0,0,1
98,75,34,100,0,75,70,41,99,0,16,13,61,53,100,85,8
47,85,67,100,82,78,61,51,100,38,90,12,45,0,0,7,3
33,93,16,53,69,34,24,0,0,19,10,66,34,100,100,99,5
20,89,57,60,100,30,82,0,0,8,5,41,45,71,85,100,8
32,78,57,100,86,87,70,60,100,42,93,16,50,0,0,7,3
100,100,53,91,20,64,0,32,9,1,59,0,64,23,16,23,6
48,87,100,100,91,93,42,76,64,54,92,28,55,1,0,0,5
15,98,0,58,13,17,57,0,96,24,100,67,70,100,29,83,0
0,64,34,76,73,94,100,100,82,75,67,50,53,25,42,0,1
13,68,69,100,72,97,70,50,67,3,0,0,24,3,100,6,1
55,78,81,100,67,70,51,40,36,10,0,0,49,4,100,7,1
100,100,62,80,34,58,13,34,0,10,36,0,57,21,9,24,6
100,100,63,87,35,68,16,47,2,25,0,2,32,0,30,21,6
100,100,50,97,21,75,44,71,82,56,76,25,47,0,0,5,5
100,100,56,97,32,73,54,62,92,46,78,9,36,0,0,16,5
94,88,77,100,31,73,0,44,6,13,69,0,100,23,20,30,6
62,93,16,74,0,35,21,0,77,7,100,43,83,81,33,100,0
52,100,31,70,46,34,25,0,0,19,50,50,100,81,69,99,8
36,69,56,100,79,82,60,47,29,17,0,0,50,4,100,12,2
46,100,18,84,0,61,44,49,100,56,93,47,74,24,61,0,4
0,100,56,100,70,68,51,34,32,0,6,14,30,34,100,40,7
21,88,24,41,78,40,53,0,14,20,0,70,44,96,100,100,5
27,89,67,100,77,76,78,59,100,35,71,8,28,0,0,21,3
29,99,8,63,0,21,36,0,79,20,100,58,76,94,29,100,0
0,71,7,96,53,100,100,94,78,70,52,47,29,24,14,0,7
69,100,45,82,14,54,0,23,37,0,100,7,70,27,5,25,6
100,100,63,94,30,68,7,38,7,6,52,0,45,23,0,16,6
100,100,47,87,13,57,0,22,41,0,92,16,62,43,23,23,6
100,97,60,100,27,77,4,45,0,6,36,0,50,34,16,37,6
77,69,97,100,28,80,53,38,78,0,0,7,30,43,100,69,8
100,83,46,100,34,68,72,33,53,0,0,11,46,41,94,71,8
0,0,29,19,53,46,78,74,100,100,81,67,65,34,50,0,1
39,74,65,100,65,60,38,21,0,0,23,22,62,4,100,4,2
51,82,22,64,48,25,14,0,0,35,51,67,100,100,30,90,8
6,87,25,60,80,43,47,4,0,0,4,54,39,93,100,100,5
71,63,88,100,14,97,0,58,76,60,100,77,60,39,23,0,9
90,100,54,100,55,76,94,97,97,61,100,23,57,0,0,2,9
100,100,52,85,20,55,2,22,37,0,80,24,46,47,0,26,6
100,81,23,100,0,65,56,30,45,0,25,34,89,68,94,98,8
62,100,40,74,7,45,0,29,68,46,100,59,83,29,69,0,4
46,100,24,84,0,56,13,34,67,29,93,53,91,31,100,0,4
43,100,33,87,0,61,2,40,69,39,85,56,76,27,100,0,4
100,100,52,97,23,87,27,58,74,54,78,19,39,0,0,13,5
25,77,43,100,82,84,65,58,97,41,100,16,53,5,0,0,3
32,100,18,63,52,30,23,0,0,37,8,79,52,94,100,99,5
0,75,31,99,81,100,100,69,90,34,76,0,53,8,88,23,7
100,100,74,96,45,68,28,35,32,0,63,12,38,37,0,31,6
10,86,69,100,39,91,3,66,44,47,100,36,61,11,0,0,5
13,80,43,100,74,88,64,56,100,36,78,8,36,0,0,19,3
59,100,11,75,0,43,100,49,66,80,70,83,73,32,74,0,4
17,100,18,55,64,42,40,0,12,27,0,75,45,95,100,99,5
74,98,10,96,44,61,100,29,48,0,0,28,39,67,40,100,8
24,83,62,100,86,81,59,55,89,39,100,16,52,0,0,9,3
93,91,40,100,43,80,79,92,91,56,100,20,57,0,0,1,9
25,68,68,43,61,0,4,9,42,48,100,82,68,100,0,74,8
23,72,44,100,73,86,51,50,19,20,0,8,50,0,100,11,2
12,79,9,48,36,18,30,0,12,31,0,62,34,88,100,100,5
100,100,70,89,52,75,39,61,25,45,11,31,2,15,0,0,1
42,77,50,88,8,48,0,1,63,0,98,43,100,91,38,100,0
62,91,79,64,90,100,56,78,97,64,100,21,51,0,0,16,9
0,63,22,66,64,87,100,100,76,75,53,50,27,25,7,0,1
100,97,75,100,45,86,44,59,75,44,69,18,35,6,0,0,5
23,86,68,100,91,74,53,49,9,33,0,8,49,1,100,0,2
19,100,0,65,49,36,33,0,1,14,4,67,41,94,100,97,5
28,76,80,85,44,100,48,85,100,71,96,37,51,15,0,0,9
11,99,57,100,66,54,41,8,51,0,100,29,59,41,0,51,7
0,33,35,48,64,74,92,100,100,97,80,65,60,33,43,0,1
14,69,34,100,50,74,29,36,0,21,36,23,68,0,100,14,2
0,39,38,57,69,79,100,100,90,74,71,49,53,24,34,0,1
100,100,62,87,21,59,0,27,30,0,95,9,73,34,5,30,6
3,100,59,100,79,68,71,33,52,0,0,13,41,36,100,46,7
48,97,9,63,0,15,49,0,94,27,100,73,55,100,5,82,0
100,99,66,100,36,80,38,50,79,41,69,16,32,0,0,7,5
34,71,46,100,54,66,32,25,0,0,21,7,61,9,100,20,2
100,100,76,79,49,58,29,34,20,10,58,0,49,17,0,5,6
28,95,0,55,8,8,55,0,93,32,100,79,59,100,15,78,0
28,91,49,71,100,35,55,0,0,24,32,63,82,100,45,100,8
15,81,0,68,14,97,77,100,100,95,80,62,68,28,63,0,7
20,98,1,64,46,35,30,0,1,24,0,71,43,95,100,100,5
100,99,54,100,23,79,17,60,61,63,66,30,39,1,0,0,5
0,88,29,100,65,86,62,40,52,0,35,43,61,53,100,52,7
13,85,52,100,63,74,57,55,100,49,81,18,40,0,0,7,3
100,90,53,100,37,61,91,65,99,84,97,41,62,7,0,0,9
100,72,47,57,18,78,60,100,90,74,83,39,53,10,0,0,9
12,78,40,100,44,98,44,58,44,19,0,0,44,4,100,6,1
84,66,82,100,26,78,72,56,99,86,100,44,72,6,0,0,9
0,79,25,100,35,66,22,30,3,0,35,1,67,4,100,11,2
39,80,72,100,100,85,71,60,89,36,84,7,40,0,0,16,3
27,94,26,95,0,49,6,0,64,0,100,40,91,88,37,100,0
56,94,97,100,49,85,35,54,83,42,100,21,53,2,0,0,5
35,98,6,70,0,25,34,0,77,12,100,50,84,92,41,100,0
11,55,13,10,51,0,85,29,100,70,72,100,30,90,0,58,0
0,87,31,100,66,71,61,35,51,0,1,13,21,28,100,34,7
0,83,22,100,38,70,27,30,14,0,42,1,71,2,100,5,2
54,88,85,100,100,82,70,60,91,37,86,11,43,0,0,14,3
0,68,43,82,90,100,100,94,87,71,78,47,76,23,81,0,1
100,91,58,100,20,75,0,38,11,0,56,3,61,37,20,33,6
27,70,59,100,27,66,14,26,48,0,100,19,59,40,0,30,6
81,100,59,98,21,65,0,29,33,0,100,10,86,37,20,25,6
17,66,45,100,42,82,45,40,41,0,0,9,51,10,100,10,1
19,59,22,8,60,0,92,31,100,78,65,100,27,88,0,51,0
2,100,51,92,58,61,51,29,29,0,0,10,38,27,100,29,7
0,82,58,99,70,100,61,62,59,24,24,2,14,0,100,3,1
33,86,62,60,88,30,64,0,31,28,0,57,21,84,100,100,5
58,100,49,99,23,74,0,51,55,46,100,46,82,26,62,0,4
40,92,77,100,90,85,75,56,100,29,79,6,40,1,0,0,3
42,68,0,73,1,95,44,100,82,87,100,59,91,29,74,0,9
0,86,47,100,83,86,48,64,62,49,100,31,71,7,16,0,3
31,96,100,100,56,96,30,72,61,60,99,33,56,0,0,15,5
70,100,14,87,66,79,87,81,98,52,100,21,58,0,0,6,9
50,100,15,82,0,51,72,45,100,61,64,73,49,36,43,0,4
100,82,56,100,51,60,69,18,22,0,0,28,48,53,96,73,8
25,70,54,100,60,66,35,27,0,1,19,10,61,0,100,0,2
13,78,40,100,53,71,32,34,0,13,25,7,62,0,100,1,2
28,79,55,100,52,68,29,39,0,15,31,1,68,0,100,23,2
0,70,62,70,95,100,21,88,45,72,100,76,80,39,67,0,9
50,92,100,100,53,92,22,60,48,65,80,40,51,8,0,0,5
23,93,0,70,15,100,70,99,100,93,87,60,76,27,65,0,7
26,81,9,61,52,33,25,0,0,22,13,73,50,100,100,92,5
100,95,83,100,29,98,0,66,27,57,75,46,64,12,17,0,5
19,85,20,39,44,0,86,18,100,62,73,100,26,97,0,60,0
38,88,51,100,60,74,35,47,0,24,9,16,51,0,100,9,2
77,100,37,95,63,78,98,95,100,56,86,19,46,0,0,1,9
24,100,24,99,0,64,38,41,99,39,100,78,89,39,85,0,4
0,59,18,94,52,100,52,61,32,26,24,0,62,7,100,14,2
89,73,61,100,22,71,68,37,76,0,0,0,40,34,100,64,8
88,90,14,100,35,70,100,38,79,0,0,11,40,51,88,89,8
13,84,0,67,21,100,85,100,100,88,75,52,60,14,56,0,7
100,67,70,100,24,88,0,46,9,0,57,2,92,34,91,75,0
49,92,37,76,62,35,30,0,0,28,52,59,100,91,42,100,8
0,51,37,81,47,100,37,66,33,32,4,3,18,0,100,3,1
0,60,40,87,57,100,52,66,55,32,43,2,24,0,100,5,1
41,77,70,100,100,78,67,50,76,38,93,11,44,0,0,5,3
54,71,92,76,69,100,65,77,100,55,83,23,43,7,0,0,9
0,86,34,100,62,83,38,53,10,27,7,0,54,2,100,5,2
71,76,34,100,0,72,8,31,42,0,86,15,100,56,88,96,0
27,100,19,89,0,65,43,53,100,55,78,44,46,24,30,0,4
66,100,32,71,0,43,59,45,100,70,100,65,76,32,50,0,4
34,84,72,100,95,78,65,52,100,39,95,11,49,0,0,2,3
0,43,34,59,68,79,100,100,85,75,69,49,51,24,30,0,1
100,85,24,100,2,73,77,42,85,0,0,14,33,56,81,87,8
100,93,66,100,27,93,0,65,31,55,66,40,47,10,7,0,5
59,100,0,78,33,53,100,56,67,89,46,73,37,36,29,0,4
11,78,0,56,53,41,46,0,3,10,4,70,46,100,100,94,5
14,67,29,100,54,72,35,32,0,4,17,10,59,0,100,3,2
96,86,33,100,31,66,100,32,66,0,0,27,72,60,78,98,8
34,78,66,100,100,87,67,59,85,49,89,19,47,0,0,5,3
11,100,45,66,100,33,82,0,16,19,47,53,89,87,0,87,8
45,72,73,100,85,83,51,58,10,36,0,18,48,6,100,0,2
71,92,70,100,93,86,70,60,100,38,87,12,41,0,0,5,3
0,67,38,82,88,100,100,82,85,61,65,40,46,20,23,0,1
0,85,41,100,70,82,54,53,100,49,90,21,51,2,5,0,3
27,70,60,100,59,84,57,44,54,6,0,5,46,2,100,0,1
24,76,0,48,25,2,83,0,100,50,82,100,28,84,8,34,0
25,100,16,68,0,34,48,35,90,49,89,58,92,23,100,0,4
59,72,58,100,0,68,84,35,100,0,2,18,54,56,71,84,8
63,100,6,82,83,55,100,20,24,0,0,34,22,70,13,95,8
40,100,11,66,0,22,35,0,78,16,100,55,83,95,39,99,0
100,94,76,100,36,67,3,30,31,0,90,15,59,46,0,34,6
97,76,57,100,17,72,0,28,36,0,81,19,100,56,88,88,0
28,93,31,53,54,15,0,0,11,36,61,67,100,100,30,98,8
14,85,0,48,25,10,73,0,100,35,85,76,43,100,0,84,0
35,78,62,100,92,78,69,49,77,49,100,20,56,0,0,14,3
36,83,66,100,94,81,60,54,100,44,92,12,44,0,0,17,3
49,100,0,79,9,49,100,50,86,78,49,86,44,43,48,0,4
15,100,2,79,0,57,48,49,100,56,97,43,87,21,98,0,4
19,64,10,25,46,0,85,19,100,64,73,100,29,99,0,66,0
81,100,79,99,34,67,3,33,25,0,100,9,76,37,0,26,6
20,76,39,100,56,79,32,46,0,22,21,18,59,1,100,0,2
13,90,64,100,90,74,39,58,97,53,100,20,51,0,0,12,3
0,48,30,66,65,83,100,100,99,79,88,53,81,26,76,0,1
22,77,62,100,90,74,55,43,93,49,100,18,42,0,0,22,3
26,94,67,100,100,89,66,68,92,39,84,14,41,7,0,0,3
0,65,40,83,100,100,96,80,80,60,56,40,28,20,12,0,1
34,69,54,100,62,68,36,34,0,8,6,10,52,3,100,0,2
56,92,36,64,100,46,72,5,1,0,0,44,18,87,92,100,5
77,100,22,84,63,60,92,94,100,63,100,24,45,0,0,29,9
100,93,86,100,70,84,54,67,41,50,27,33,14,17,0,0,1
0,56,25,64,60,89,65,100,45,75,35,49,45,23,100,0,1
30,100,0,72,13,43,66,40,100,62,92,60,68,30,49,0,4
20,66,34,100,41,74,29,32,0,0,8,0,54,4,100,11,1
0,84,46,57,89,28,68,0,41,24,70,54,100,85,41,100,8
53,80,38,100,0,77,66,72,70,67,100,30,68,3,2,0,9
59,100,24,90,0,58,97,49,100,78,82,78,65,38,53,0,4
100,100,91,86,71,72,53,58,38,44,24,29,11,15,0,0,1
100,86,12,100,0,64,67,29,39,0,35,38,94,74,92,98,8
45,100,10,75,0,47,60,38,100,54,97,59,79,29,69,0,4
0,66,31,84,71,100,100,99,92,74,84,50,82,25,85,0,1
28,94,63,100,84,69,66,30,42,0,0,25,47,38,100,37,7
34,75,0,44,0,3,47,0,86,29,100,67,74,100,24,91,0
27,91,37,99,100,100,78,77,63,53,75,29,57,5,0,0,3
0,59,46,83,62,100,57,64,55,27,25,0,36,3,100,1,1
87,100,36,82,3,52,0,17,50,0,100,13,55,31,0,20,6
37,87,100,100,56,91,19,67,22,54,79,42,59,16,0,0,5
42,79,53,42,42,0,0,2,38,38,89,70,100,100,39,75,8
26,91,74,100,74,77,48,53,19,30,0,5,47,0,100,2,2
44,100,22,68,0,38,54,40,100,48,95,65,93,32,100,0,4
34,100,0,78,13,56,68,53,100,71,75,48,49,24,30,0,4
78,69,87,100,0,90,16,63,100,80,87,63,50,31,28,0,9
100,100,48,88,14,59,0,28,27,0,92,8,69,29,2,18,6
6,100,54,96,81,56,64,6,36,0,0,38,51,35,100,32,7
79,100,44,95,53,51,54,8,6,0,0,36,60,54,100,83,8
44,64,60,100,97,83,77,43,39,11,0,13,51,23,100,0,2
1,82,32,100,48,71,38,41,12,13,0,6,49,0,100,1,2
97,87,56,74,34,95,83,100,100,68,88,36,53,8,0,0,9
0,83,28,100,59,88,42,57,22,28,31,0,70,1,100,2,2
19,65,24,100,46,81,27,45,0,12,10,1,56,0,100,4,2
98,80,34,100,8,73,73,44,100,10,8,0,0,27,70,55,8
0,81,38,100,66,74,42,36,6,10,10,1,55,6,100,0,2
0,76,47,71,96,96,28,100,17,77,90,74,100,37,100,0,9
38,68,68,100,66,82,62,44,55,7,0,0,57,3,100,7,1
12,100,25,89,17,37,40,0,0,10,7,54,51,72,100,81,5
100,66,66,100,0,77,32,38,60,0,9,21,51,59,87,94,8
0,50,42,72,81,95,100,100,88,75,69,50,49,25,32,0,1
70,62,100,93,27,100,27,67,66,33,55,0,0,15,47,45,8
43,93,30,62,45,25,0,0,6,30,53,61,100,91,53,100,8
31,87,77,100,81,69,53,45,100,39,92,9,33,0,0,25,3
31,81,1,43,13,1,68,0,100,36,96,79,48,100,0,80,0
100,100,70,87,29,60,0,30,3,0,71,5,73,30,2,25,6
100,100,45,83,14,61,0,38,3,14,66,0,97,15,21,7,6
100,100,62,97,39,73,46,49,84,41,71,14,34,0,0,8,5
67,100,26,92,0,56,9,12,49,0,88,15,100,60,70,90,0
15,72,38,100,49,67,29,29,0,16,33,22,66,8,100,0,2
0,77,40,96,90,100,82,73,68,50,100,24,60,0,20,15,3
100,100,60,82,32,56,13,28,22,0,70,8,40,24,0,19,6
0,68,40,100,64,96,61,59,57,23,9,0,33,3,100,2,1
97,85,53,100,12,78,74,74,97,86,100,44,61,12,0,0,9
67,93,26,70,0,35,15,0,63,12,92,46,100,86,62,100,0
90,100,44,77,13,49,0,21,38,0,100,13,90,37,18,39,6
17,94,5,57,52,30,16,0,0,28,5,72,39,98,100,100,5
36,88,23,59,100,55,92,16,20,0,0,35,8,76,73,100,5
0,92,54,100,65,83,63,63,85,44,100,24,63,8,7,0,3
19,74,73,100,44,79,0,47,53,32,100,53,53,38,41,0,4
8,79,56,100,71,92,64,51,53,11,0,1,42,1,100,0,1
100,100,74,78,40,50,0,28,54,26,93,39,88,28,94,0,4
